iso2_zero_idx,is_interesting,resi_reference,resi_compare,is_deletion,pka_delta,mass_delta,occurrence_delta,percent_buried_delta,buried_vol_delta,vdw_delta,accessible_delta,hydrophobicity_delta,iso1_one_idx
0,False,M,L,False,,-18.039999999999992,6.3,-9.0,-3.0,0.0,-23.0,-2.0,1.0
1,False,P,S,False,,-10.040000000000006,2.3000000000000007,0.0,-30.0,-17.0,-25.0,1.0,
2,False,P,R,False,,58.97999999999999,0.10000000000000053,-24.0,96.0,58.0,91.0,2.0,
3,False,A,M,False,,60.11999999999999,-4.7,12.0,79.0,57.0,93.0,-4.0,
4,False,P,P,False,,0.0,0.0,0.0,0.0,0.0,0.0,0.0,
5,False,P,-,True,,,,,,,,,
6,False,G,-,True,,,,,,,,,
7,False,G,-,True,,,,,,,,,
8,False,E,-,True,,,,,,,,,
9,False,S,-,True,,,,,,,,,
10,False,G,-,True,,,,,,,,,
11,False,C,-,True,,,,,,,,,
12,False,E,-,True,,,,,,,,,
13,False,E,-,True,,,,,,,,,
14,False,R,-,True,,,,,,,,,
15,False,G,G,False,,0.0,0.0,0.0,0.0,0.0,,0.0,
16,False,A,-,True,,,,,,,,,
17,False,A,-,True,,,,,,,,,
18,False,G,-,True,,,,,,,,,
19,False,H,V,False,,-38.03,4.3,37.0,-25.0,-13.0,-34.0,-6.0,
20,False,I,P,False,,-16.039999999999992,-0.40000000000000036,-41.0,-40.0,-34.0,-35.0,12.0,
21,False,E,S,False,,-42.040000000000006,1.1000000000000005,4.0,-56.0,-36.0,-58.0,-4.0,
22,False,H,L,False,,-24.0,6.8999999999999995,22.0,1.0,6.0,-14.0,-7.0,
23,False,S,S,False,,0.0,0.0,0.0,0.0,0.0,0.0,0.0,
24,False,R,-,True,,,,,,,,,
25,False,Y,-,True,,,,,,,,,
26,False,L,-,True,,,,,,,,,
27,False,S,-,True,,,,,,,,,
28,False,L,-,True,,,,,,,,,
29,False,L,P,False,,-16.039999999999992,-4.0,-17.0,-39.0,-34.0,-32.0,10.0,
30,False,D,-,True,,,,,,,,,
31,False,A,-,True,,,,,,,,,
32,False,V,-,True,,,,,,,,,
33,False,D,-,True,,,,,,,,,
34,False,N,-,True,,,,,,,,,
35,False,S,-,True,,,,,,,,,
36,False,K,-,True,,,,,,,,,
37,False,M,-,True,,,,,,,,,
38,False,A,-,True,,,,,,,,,2.0
39,False,L,-,True,,,,,,,,,3.0
40,False,N,-,True,,,,,,,,,4.0
41,False,S,C,False,,15.930000000000007,-5.6000000000000005,23.0,7.0,13.0,24.0,-7.0,5.0
42,False,G,-,True,,,,,,,,,6.0
43,False,S,-,True,,,,,,,,,7.0
44,False,P,-,True,,,,,,,,,8.0
45,False,P,T,False,,3.989999999999995,0.9000000000000004,1.0,-7.0,3.0,-3.0,-1.0,9.0
46,False,A,A,False,,0.0,0.0,0.0,0.0,0.0,0.0,0.0,10.0
47,False,I,A,False,,-42.08,2.0,-27.0,-77.0,-57.0,-73.0,8.0,11.0
48,False,G,H,False,,80.11,-4.8999999999999995,-18.0,101.0,70.0,,-1.0,12.0
49,False,P,C,False,,5.890000000000001,-3.3,23.0,-23.0,-4.0,-1.0,-6.0,13.0
50,False,Y,-,True,,,,,,,,,14.0
51,False,Y,-,True,,,,,,,,,15.0
52,False,E,-,True,,,,,,,,,16.0
53,False,N,-,True,,,,,,,,,17.0
54,False,H,-,True,,,,,,,,,18.0
55,False,G,-,True,,,,,,,,,19.0
56,False,Y,-,True,,,,,,,,,20.0
57,False,Q,-,True,,,,,,,,,21.0
58,False,P,-,True,,,,,,,,,22.0
59,False,E,-,True,,,,,,,,,23.0
60,False,N,-,True,,,,,,,,,24.0
61,False,P,V,False,,2.009999999999991,1.4000000000000004,32.0,13.0,15.0,12.0,-9.0,25.0
62,False,Y,-,True,,,,,,,,,26.0
63,False,P,-,True,,,,,,,,,27.0
64,False,A,-,True,,,,,,,,,28.0
65,False,Q,-,True,,,,,,,,,29.0
66,False,P,-,True,,,,,,,,,30.0
67,False,T,-,True,,,,,,,,,31.0
68,False,V,-,True,,,,,,,,,32.0
69,False,V,-,True,,,,,,,,,33.0
70,False,P,-,True,,,,,,,,,34.0
71,False,T,-,True,,,,,,,,,35.0
72,False,V,-,True,,,,,,,,,36.0
73,False,Y,-,True,,,,,,,,,37.0
74,False,E,-,True,,,,,,,,,38.0
75,False,V,L,False,,14.030000000000001,2.5999999999999996,-15.0,26.0,19.0,20.0,-1.0,39.0
76,False,H,-,True,,,,,,,,,40.0
77,False,P,-,True,,,,,,,,,41.0
78,False,A,-,True,,,,,,,,,42.0
79,False,Q,-,True,,,,,,,,,43.0
80,False,Y,-,True,,,,,,,,,44.0
81,False,Y,-,True,,,,,,,,,45.0
82,False,P,-,True,,,,,,,,,46.0
83,False,S,-,True,,,,,,,,,47.0
84,False,P,-,True,,,,,,,,,48.0
85,False,V,-,True,,,,,,,,,49.0
86,False,P,-,True,,,,,,,,,50.0
87,False,Q,-,True,,,,,,,,,51.0
88,False,Y,-,True,,,,,,,,,52.0
89,False,A,-,True,,,,,,,,,53.0
90,False,P,-,True,,,,,,,,,54.0
91,False,R,-,True,,,,,,,,,55.0
92,False,V,-,True,,,,,,,,,56.0
93,False,L,-,True,,,,,,,,,57.0
94,False,T,-,True,,,,,,,,,58.0
95,False,Q,-,True,,,,,,,,,59.0
96,False,A,-,True,,,,,,,,,60.0
97,False,S,-,True,,,,,,,,,61.0
98,False,N,L,False,,-0.8800000000000097,4.5,31.0,33.0,28.0,24.0,-13.0,62.0
99,False,P,-,True,,,,,,,,,63.0
100,False,V,-,True,,,,,,,,,64.0
101,False,V,-,True,,,,,,,,,65.0
102,False,C,-,True,,,,,,,,,66.0
103,False,T,-,True,,,,,,,,,67.0
104,False,Q,-,True,,,,,,,,,68.0
105,False,P,P,False,,0.0,0.0,0.0,0.0,0.0,0.0,0.0,69.0
106,False,K,-,True,,,,,,,,,70.0
107,False,S,-,True,,,,,,,,,71.0
108,False,P,-,True,,,,,,,,,72.0
109,False,S,G,False,,-30.03,-0.3000000000000007,13.0,-33.0,-25.0,,-3.0,73.0
110,False,G,-,True,,,,,,,,,74.0
111,False,T,-,True,,,,,,,,,75.0
112,False,V,C,False,,3.8800000000000097,-4.7,-9.0,-36.0,-19.0,-13.0,3.0,76.0
113,False,C,-,True,,,,,,,,,77.0
114,False,T,-,True,,,,,,,,,78.0
115,False,S,-,True,,,,,,,,,79.0
116,False,K,G,False,,-71.11999999999999,1.2999999999999998,32.8,-105.0,-87.0,,-9.0,80.0
117,False,T,W,False,,85.10000000000001,-4.7,-2.0,118.0,70.0,115.0,-6.0,81.0
118,False,K,G,False,,-71.11999999999999,1.2999999999999998,32.8,-105.0,-87.0,,-9.0,82.0
119,False,K,-,True,,,,,,,,,83.0
120,False,A,-,True,,,,,,,,,84.0
121,False,L,-,True,,,,,,,,,85.0
122,False,C,-,True,,,,,,,,,86.0
123,False,I,-,True,,,,,,,,,87.0
124,False,T,-,True,,,,,,,,,88.0
125,False,L,-,True,,,,,,,,,89.0
126,False,T,-,True,,,,,,,,,90.0
127,False,L,-,True,,,,,,,,,91.0
128,False,G,-,True,,,,,,,,,92.0
129,False,T,-,True,,,,,,,,,93.0
130,False,F,-,True,,,,,,,,,94.0
131,False,L,-,True,,,,,,,,,95.0
132,False,V,-,True,,,,,,,,,96.0
133,False,G,-,True,,,,,,,,,97.0
134,False,A,-,True,,,,,,,,,98.0
135,False,A,-,True,,,,,,,,,99.0
136,False,L,-,True,,,,,,,,,100.0
137,False,A,-,True,,,,,,,,,101.0
138,False,A,-,True,,,,,,,,,102.0
139,False,G,-,True,,,,,,,,,103.0
140,False,L,-,True,,,,,,,,,104.0
141,False,L,-,True,,,,,,,,,105.0
142,False,W,-,True,,,,,,,,,106.0
143,False,K,-,True,,,,,,,,,107.0
144,False,F,-,True,,,,,,,,,108.0
145,False,M,-,True,,,,,,,,,109.0
146,False,G,-,True,,,,,,,,,110.0
147,False,S,-,True,,,,,,,,,111.0
148,False,K,-,True,,,,,,,,,112.0
149,False,C,-,True,,,,,,,,,113.0
150,False,S,-,True,,,,,,,,,114.0
151,False,N,Q,False,,14.019999999999996,-0.5,-3.7,26.0,18.0,31.0,1.0,115.0
152,False,S,P,False,,10.040000000000006,-2.3000000000000007,0.0,30.0,17.0,25.0,-1.0,116.0
153,False,G,S,False,,30.03,0.3000000000000007,-13.0,33.0,25.0,,3.0,117.0
154,False,I,L,False,,0.0,3.5999999999999996,-24.0,-1.0,0.0,-3.0,2.0,118.0
155,False,E,-,True,,,,,,,,,119.0
156,False,C,C,False,0.0,0.0,0.0,0.0,0.0,0.0,0.0,0.0,120.0
157,False,D,-,True,,,,,,,,,121.0
158,False,S,-,True,,,,,,,,,122.0
159,False,S,-,True,,,,,,,,,123.0
160,False,G,-,True,,,,,,,,,124.0
161,False,T,P,False,,-3.989999999999995,-0.9000000000000004,-1.0,7.0,-3.0,3.0,1.0,125.0
162,False,C,-,True,,,,,,,,,126.0
163,False,I,-,True,,,,,,,,,127.0
164,False,N,-,True,,,,,,,,,128.0
165,False,P,-,True,,,,,,,,,129.0
166,False,S,-,True,,,,,,,,,130.0
167,False,N,-,True,,,,,,,,,131.0
168,False,W,-,True,,,,,,,,,132.0
169,False,C,C,False,0.0,0.0,0.0,0.0,0.0,0.0,0.0,0.0,133.0
170,False,D,-,True,,,,,,,,,134.0
171,False,G,G,False,,0.0,0.0,0.0,0.0,0.0,,0.0,135.0
172,False,V,-,True,,,,,,,,,136.0
173,False,S,-,True,,,,,,,,,137.0
174,False,H,-,True,,,,,,,,,138.0
175,False,C,C,False,0.0,0.0,0.0,0.0,0.0,0.0,0.0,0.0,139.0
176,False,P,-,True,,,,,,,,,140.0
177,False,G,-,True,,,,,,,,,141.0
178,False,G,G,False,,0.0,0.0,0.0,0.0,0.0,,0.0,142.0
179,False,E,-,True,,,,,,,,,143.0
180,False,D,S,False,,-28.0,2.2,9.5,-26.0,-18.0,-26.0,-5.0,144.0
181,False,E,G,False,,-72.07000000000001,0.7999999999999998,17.0,-89.0,-61.0,,-7.0,145.0
182,False,N,-,True,,,,,,,,,146.0
183,False,R,P,False,,-58.97999999999999,-0.10000000000000053,24.0,-96.0,-58.0,-91.0,-2.0,147.0
184,False,C,L,False,,10.149999999999991,7.3,-6.0,62.0,38.0,33.0,-4.0,148.0
185,False,V,-,True,,,,,,,,,149.0
186,False,R,-,True,,,,,,,,,150.0
187,False,L,-,True,,,,,,,,,151.0
188,False,Y,-,True,,,,,,,,,152.0
189,False,G,-,True,,,,,,,,,153.0
190,False,P,-,True,,,,,,,,,154.0
191,False,N,-,True,,,,,,,,,155.0
192,False,F,-,True,,,,,,,,,156.0
193,False,I,-,True,,,,,,,,,157.0
194,False,L,-,True,,,,,,,,,158.0
195,False,Q,-,True,,,,,,,,,159.0
196,False,V,-,True,,,,,,,,,160.0
197,False,Y,-,True,,,,,,,,,161.0
198,False,S,-,True,,,,,,,,,162.0
199,False,S,-,True,,,,,,,,,163.0
200,False,Q,-,True,,,,,,,,,164.0
201,False,R,-,True,,,,,,,,,165.0
202,False,K,-,True,,,,,,,,,166.0
203,False,S,-,True,,,,,,,,,167.0
204,False,W,-,True,,,,,,,,,168.0
205,False,H,-,True,,,,,,,,,169.0
206,False,P,-,True,,,,,,,,,170.0
207,False,V,-,True,,,,,,,,,171.0
208,False,C,-,True,,,,,,,,,172.0
209,False,Q,-,True,,,,,,,,,173.0
210,False,D,-,True,,,,,,,,,174.0
211,False,D,-,True,,,,,,,,,175.0
212,False,W,-,True,,,,,,,,,176.0
213,False,N,-,True,,,,,,,,,177.0
214,False,E,-,True,,,,,,,,,178.0
215,False,N,-,True,,,,,,,,,179.0
216,False,Y,-,True,,,,,,,,,180.0
217,False,G,-,True,,,,,,,,,181.0
218,False,R,-,True,,,,,,,,,182.0
219,False,A,-,True,,,,,,,,,183.0
220,False,A,-,True,,,,,,,,,184.0
221,False,C,C,False,0.0,0.0,0.0,0.0,0.0,0.0,0.0,0.0,185.0
222,False,R,-,True,,,,,,,,,186.0
223,False,D,-,True,,,,,,,,,187.0
224,False,M,-,True,,,,,,,,,188.0
225,False,G,-,True,,,,,,,,,189.0
226,False,Y,-,True,,,,,,,,,190.0
227,False,K,L,False,,-15.009999999999991,3.3,36.8,-3.0,-11.0,-30.0,-17.0,191.0
228,False,N,-,True,,,,,,,,,192.0
229,False,N,-,True,,,,,,,,,193.0
230,False,F,-,True,,,,,,,,,194.0
231,False,Y,-,True,,,,,,,,,195.0
232,False,S,-,True,,,,,,,,,196.0
233,False,S,-,True,,,,,,,,,197.0
234,False,Q,-,True,,,,,,,,,198.0
235,False,G,-,True,,,,,,,,,199.0
236,False,I,-,True,,,,,,,,,200.0
237,False,V,-,True,,,,,,,,,201.0
238,False,D,-,True,,,,,,,,,202.0
239,False,D,-,True,,,,,,,,,203.0
240,False,S,-,True,,,,,,,,,204.0
241,False,G,-,True,,,,,,,,,205.0
242,False,S,-,True,,,,,,,,,206.0
243,False,T,-,True,,,,,,,,,207.0
244,False,S,-,True,,,,,,,,,208.0
245,False,F,-,True,,,,,,,,,209.0
246,False,M,-,True,,,,,,,,,210.0
247,False,K,-,True,,,,,,,,,211.0
248,False,L,-,True,,,,,,,,,212.0
249,False,N,-,True,,,,,,,,,213.0
250,False,T,-,True,,,,,,,,,214.0
251,False,S,-,True,,,,,,,,,215.0
252,False,A,-,True,,,,,,,,,216.0
253,False,G,-,True,,,,,,,,,217.0
254,False,N,-,True,,,,,,,,,218.0
255,False,V,-,True,,,,,,,,,219.0
256,False,D,-,True,,,,,,,,,220.0
257,False,I,L,False,,0.0,3.5999999999999996,-24.0,-1.0,0.0,-3.0,2.0,221.0
258,False,Y,-,True,,,,,,,,,222.0
259,True,K,-,True,,,,,,,,,223.0
260,True,K,-,True,,,,,,,,,224.0
261,False,L,-,True,,,,,,,,,225.0
262,False,Y,-,True,,,,,,,,,226.0
263,False,H,-,True,,,,,,,,,227.0
264,False,S,-,True,,,,,,,,,228.0
265,False,D,-,True,,,,,,,,,229.0
266,False,A,-,True,,,,,,,,,230.0
267,False,C,-,True,,,,,,,,,231.0
268,False,S,-,True,,,,,,,,,232.0
269,False,S,-,True,,,,,,,,,233.0
270,False,K,-,True,,,,,,,,,234.0
271,False,A,-,True,,,,,,,,,235.0
272,False,V,-,True,,,,,,,,,236.0
273,False,V,-,True,,,,,,,,,237.0
274,False,S,-,True,,,,,,,,,238.0
275,False,L,-,True,,,,,,,,,239.0
276,False,R,-,True,,,,,,,,,240.0
277,False,C,-,True,,,,,,,,,241.0
278,False,I,-,True,,,,,,,,,242.0
279,False,A,-,True,,,,,,,,,243.0
280,False,C,C,False,0.0,0.0,0.0,0.0,0.0,0.0,0.0,0.0,244.0
281,False,G,G,False,,0.0,0.0,0.0,0.0,0.0,,0.0,245.0
282,False,V,-,True,,,,,,,,,246.0
283,False,N,-,True,,,,,,,,,247.0
284,False,L,-,True,,,,,,,,,248.0
285,False,N,-,True,,,,,,,,,249.0
286,False,S,-,True,,,,,,,,,250.0
287,False,S,-,True,,,,,,,,,251.0
288,False,R,-,True,,,,,,,,,252.0
289,False,Q,-,True,,,,,,,,,253.0
290,False,S,-,True,,,,,,,,,254.0
291,False,R,R,False,0.0,0.0,0.0,0.0,0.0,0.0,0.0,0.0,255.0
292,False,I,I,False,,0.0,0.0,0.0,0.0,0.0,0.0,0.0,256.0
293,False,V,-,True,,,,,,,,,257.0
294,False,G,G,False,,0.0,0.0,0.0,0.0,0.0,,0.0,258.0
295,False,G,G,False,,0.0,0.0,0.0,0.0,0.0,,0.0,259.0
296,False,E,-,True,,,,,,,,,260.0
297,False,S,-,True,,,,,,,,,261.0
298,False,A,-,True,,,,,,,,,262.0
299,False,L,-,True,,,,,,,,,263.0
300,False,P,-,True,,,,,,,,,264.0
301,False,G,G,False,,0.0,0.0,0.0,0.0,0.0,,0.0,265.0
302,False,A,-,True,,,,,,,,,266.0
303,False,W,-,True,,,,,,,,,267.0
304,False,P,P,False,,0.0,0.0,0.0,0.0,0.0,0.0,0.0,268.0
305,False,W,W,False,,0.0,0.0,0.0,0.0,0.0,0.0,0.0,269.0
306,False,Q,Q,False,,0.0,0.0,0.0,0.0,0.0,0.0,0.0,270.0
307,False,V,-,True,,,,,,,,,271.0
308,False,S,-,True,,,,,,,,,272.0
309,False,L,L,False,,0.0,0.0,0.0,0.0,0.0,0.0,0.0,273.0
310,False,H,-,True,,,,,,,,,274.0
311,False,V,-,True,,,,,,,,,275.0
312,False,Q,-,True,,,,,,,,,276.0
313,False,N,-,True,,,,,,,,,277.0
314,False,V,-,True,,,,,,,,,278.0
315,False,H,H,False,0.0,0.0,0.0,0.0,0.0,0.0,0.0,0.0,279.0
316,False,V,-,True,,,,,,,,,280.0
317,False,C,C,False,0.0,0.0,0.0,0.0,0.0,0.0,0.0,0.0,281.0
318,False,G,G,False,,0.0,0.0,0.0,0.0,0.0,,0.0,282.0
319,False,G,-,True,,,,,,,,,283.0
320,False,S,-,True,,,,,,,,,284.0
321,False,I,-,True,,,,,,,,,285.0
322,False,I,-,True,,,,,,,,,286.0
323,False,T,-,True,,,,,,,,,287.0
324,False,P,-,True,,,,,,,,,288.0
325,False,E,-,True,,,,,,,,,289.0
326,False,W,W,False,,0.0,0.0,0.0,0.0,0.0,0.0,0.0,290.0
327,False,I,-,True,,,,,,,,,291.0
328,False,V,-,True,,,,,,,,,292.0
329,False,T,-,True,,,,,,,,,293.0
330,False,A,A,False,,0.0,0.0,0.0,0.0,0.0,0.0,0.0,294.0
331,False,A,A,False,,0.0,0.0,0.0,0.0,0.0,0.0,0.0,295.0
332,True,H,H,False,0.0,0.0,0.0,0.0,0.0,0.0,0.0,0.0,296.0
333,False,C,C,False,0.0,0.0,0.0,0.0,0.0,0.0,0.0,0.0,297.0
334,False,V,-,True,,,,,,,,,298.0
335,False,E,-,True,,,,,,,,,299.0
336,False,K,-,True,,,,,,,,,300.0
337,False,P,-,True,,,,,,,,,301.0
338,False,L,-,True,,,,,,,,,302.0
339,False,N,-,True,,,,,,,,,303.0
340,False,N,-,True,,,,,,,,,304.0
341,False,P,-,True,,,,,,,,,305.0
342,False,W,-,True,,,,,,,,,306.0
343,False,H,-,True,,,,,,,,,307.0
344,False,W,-,True,,,,,,,,,308.0
345,False,T,-,True,,,,,,,,,309.0
346,False,A,-,True,,,,,,,,,310.0
347,False,F,-,True,,,,,,,,,311.0
348,False,A,-,True,,,,,,,,,312.0
349,False,G,G,False,,0.0,0.0,0.0,0.0,0.0,,0.0,313.0
350,False,I,-,True,,,,,,,,,314.0
351,False,L,-,True,,,,,,,,,315.0
352,False,R,-,True,,,,,,,,,316.0
353,False,Q,-,True,,,,,,,,,317.0
354,False,S,-,True,,,,,,,,,318.0
355,False,F,-,True,,,,,,,,,319.0
356,False,M,-,True,,,,,,,,,320.0
357,False,F,-,True,,,,,,,,,321.0
358,False,Y,-,True,,,,,,,,,322.0
359,False,G,-,True,,,,,,,,,323.0
360,False,A,-,True,,,,,,,,,324.0
361,False,G,-,True,,,,,,,,,325.0
362,False,Y,-,True,,,,,,,,,326.0
363,False,Q,-,True,,,,,,,,,327.0
364,False,V,-,True,,,,,,,,,328.0
365,False,E,-,True,,,,,,,,,329.0
366,False,K,-,True,,,,,,,,,330.0
367,False,V,-,True,,,,,,,,,331.0
368,False,I,-,True,,,,,,,,,332.0
369,False,S,-,True,,,,,,,,,333.0
370,False,H,H,False,0.0,0.0,0.0,0.0,0.0,0.0,0.0,0.0,334.0
371,False,P,-,True,,,,,,,,,335.0
372,False,N,-,True,,,,,,,,,336.0
373,False,Y,-,True,,,,,,,,,337.0
374,False,D,-,True,,,,,,,,,338.0
375,False,S,-,True,,,,,,,,,339.0
376,False,K,-,True,,,,,,,,,340.0
377,False,T,-,True,,,,,,,,,341.0
378,False,K,-,True,,,,,,,,,342.0
379,False,N,-,True,,,,,,,,,343.0
380,False,N,-,True,,,,,,,,,344.0
381,True,D,D,False,0.0,0.0,0.0,0.0,0.0,0.0,0.0,0.0,345.0
382,False,I,I,False,,0.0,0.0,0.0,0.0,0.0,0.0,0.0,346.0
383,False,A,A,False,,0.0,0.0,0.0,0.0,0.0,0.0,0.0,347.0
384,False,L,L,False,,0.0,0.0,0.0,0.0,0.0,0.0,0.0,348.0
385,False,M,-,True,,,,,,,,,349.0
386,False,K,-,True,,,,,,,,,350.0
387,False,L,L,False,,0.0,0.0,0.0,0.0,0.0,0.0,0.0,351.0
388,False,Q,-,True,,,,,,,,,352.0
389,False,K,-,True,,,,,,,,,353.0
390,False,P,-,True,,,,,,,,,354.0
391,False,L,-,True,,,,,,,,,355.0
392,False,T,-,True,,,,,,,,,356.0
393,False,F,-,True,,,,,,,,,357.0
394,False,N,-,True,,,,,,,,,358.0
395,False,D,-,True,,,,,,,,,359.0
396,False,L,-,True,,,,,,,,,360.0
397,False,V,-,True,,,,,,,,,361.0
398,False,K,-,True,,,,,,,,,362.0
399,False,P,P,False,,0.0,0.0,0.0,0.0,0.0,0.0,0.0,363.0
400,False,V,-,True,,,,,,,,,364.0
401,False,C,C,False,0.0,0.0,0.0,0.0,0.0,0.0,0.0,0.0,365.0
402,False,L,L,False,,0.0,0.0,0.0,0.0,0.0,0.0,0.0,366.0
403,False,P,P,False,,0.0,0.0,0.0,0.0,0.0,0.0,0.0,367.0
404,False,N,-,True,,,,,,,,,368.0
405,False,P,-,True,,,,,,,,,369.0
406,False,G,-,True,,,,,,,,,370.0
407,False,M,-,True,,,,,,,,,371.0
408,False,M,-,True,,,,,,,,,372.0
409,False,L,-,True,,,,,,,,,373.0
410,False,Q,-,True,,,,,,,,,374.0
411,False,P,-,True,,,,,,,,,375.0
412,False,E,-,True,,,,,,,,,376.0
413,False,Q,-,True,,,,,,,,,377.0
414,False,L,-,True,,,,,,,,,378.0
415,False,C,C,False,0.0,0.0,0.0,0.0,0.0,0.0,0.0,0.0,379.0
416,False,W,-,True,,,,,,,,,380.0
417,False,I,-,True,,,,,,,,,381.0
418,False,S,-,True,,,,,,,,,382.0
419,False,G,G,False,,0.0,0.0,0.0,0.0,0.0,,0.0,383.0
420,False,W,W,False,,0.0,0.0,0.0,0.0,0.0,0.0,0.0,384.0
421,False,G,G,False,,0.0,0.0,0.0,0.0,0.0,,0.0,385.0
422,False,A,-,True,,,,,,,,,386.0
423,False,T,-,True,,,,,,,,,387.0
424,False,E,-,True,,,,,,,,,388.0
425,False,E,-,True,,,,,,,,,389.0
426,False,K,-,True,,,,,,,,,390.0
427,False,G,-,True,,,,,,,,,391.0
428,False,K,-,True,,,,,,,,,392.0
429,False,T,-,True,,,,,,,,,393.0
430,False,S,-,True,,,,,,,,,394.0
431,False,E,-,True,,,,,,,,,395.0
432,False,V,-,True,,,,,,,,,396.0
433,False,L,L,False,,0.0,0.0,0.0,0.0,0.0,0.0,0.0,397.0
434,False,N,Q,False,,14.019999999999996,-0.5,-3.7,26.0,18.0,31.0,1.0,398.0
435,False,A,-,True,,,,,,,,,399.0
436,False,A,-,True,,,,,,,,,400.0
437,False,K,-,True,,,,,,,,,401.0
438,False,V,-,True,,,,,,,,,402.0
439,False,L,-,True,,,,,,,,,403.0
440,False,L,-,True,,,,,,,,,404.0
441,False,I,-,True,,,,,,,,,405.0
442,False,E,-,True,,,,,,,,,406.0
443,False,T,-,True,,,,,,,,,407.0
444,False,Q,-,True,,,,,,,,,408.0
445,False,R,-,True,,,,,,,,,409.0
446,False,C,C,False,0.0,0.0,0.0,0.0,0.0,0.0,0.0,0.0,410.0
447,False,N,-,True,,,,,,,,,411.0
448,False,S,-,True,,,,,,,,,412.0
449,False,R,-,True,,,,,,,,,413.0
450,False,Y,-,True,,,,,,,,,414.0
451,False,V,-,True,,,,,,,,,415.0
452,False,Y,Y,False,0.0,0.0,0.0,0.0,0.0,0.0,0.0,0.0,416.0
453,False,D,-,True,,,,,,,,,417.0
454,False,N,-,True,,,,,,,,,418.0
455,False,L,-,True,,,,,,,,,419.0
456,False,I,-,True,,,,,,,,,420.0
457,False,T,-,True,,,,,,,,,421.0
458,False,P,-,True,,,,,,,,,422.0
459,False,A,-,True,,,,,,,,,423.0
460,False,M,M,False,,0.0,0.0,0.0,0.0,0.0,0.0,0.0,424.0
461,False,I,-,True,,,,,,,,,425.0
462,False,C,C,False,0.0,0.0,0.0,0.0,0.0,0.0,0.0,0.0,426.0
463,False,A,A,False,,0.0,0.0,0.0,0.0,0.0,0.0,0.0,427.0
464,False,G,G,False,,0.0,0.0,0.0,0.0,0.0,,0.0,428.0
465,False,F,-,True,,,,,,,,,429.0
466,False,L,-,True,,,,,,,,,430.0
467,False,Q,-,True,,,,,,,,,431.0
468,False,G,G,False,,0.0,0.0,0.0,0.0,0.0,,0.0,432.0
469,False,N,-,True,,,,,,,,,433.0
470,False,V,-,True,,,,,,,,,434.0
471,True,D,D,False,0.0,0.0,0.0,0.0,0.0,0.0,0.0,0.0,435.0
472,False,S,-,True,,,,,,,,,436.0
473,False,C,C,False,0.0,0.0,0.0,0.0,0.0,0.0,0.0,0.0,437.0
474,False,Q,-,True,,,,,,,,,438.0
475,False,G,G,False,,0.0,0.0,0.0,0.0,0.0,,0.0,439.0
476,False,D,D,False,0.0,0.0,0.0,0.0,0.0,0.0,0.0,0.0,440.0
477,False,S,S,False,,0.0,0.0,0.0,0.0,0.0,0.0,0.0,441.0
478,False,G,G,False,,0.0,0.0,0.0,0.0,0.0,,0.0,442.0
479,False,G,G,False,,0.0,0.0,0.0,0.0,0.0,,0.0,443.0
480,False,P,P,False,,0.0,0.0,0.0,0.0,0.0,0.0,0.0,444.0
481,False,L,L,False,,0.0,0.0,0.0,0.0,0.0,0.0,0.0,445.0
482,False,V,-,True,,,,,,,,,446.0
483,False,T,C,False,,1.9000000000000057,-4.2,22.0,-16.0,-7.0,2.0,-5.0,447.0
484,False,S,-,True,,,,,,,,,448.0
485,False,K,-,True,,,,,,,,,449.0
486,False,N,-,True,,,,,,,,,450.0
487,False,N,-,True,,,,,,,,,451.0
488,False,I,-,True,,,,,,,,,452.0
489,False,W,W,False,,0.0,0.0,0.0,0.0,0.0,0.0,0.0,453.0
490,False,W,-,True,,,,,,,,,454.0
491,False,L,L,False,,0.0,0.0,0.0,0.0,0.0,0.0,0.0,455.0
492,False,I,-,True,,,,,,,,,456.0
493,False,G,G,False,,0.0,0.0,0.0,0.0,0.0,,0.0,457.0
494,False,D,-,True,,,,,,,,,458.0
495,False,T,-,True,,,,,,,,,459.0
496,False,S,S,False,,0.0,0.0,0.0,0.0,0.0,0.0,0.0,460.0
497,False,W,W,False,,0.0,0.0,0.0,0.0,0.0,0.0,0.0,461.0
498,False,G,G,False,,0.0,0.0,0.0,0.0,0.0,,0.0,462.0
499,False,S,-,True,,,,,,,,,463.0
500,False,G,-,True,,,,,,,,,464.0
501,False,C,C,False,0.0,0.0,0.0,0.0,0.0,0.0,0.0,0.0,465.0
502,False,A,-,True,,,,,,,,,466.0
503,False,K,-,True,,,,,,,,,467.0
504,False,A,-,True,,,,,,,,,468.0
505,False,Y,-,True,,,,,,,,,469.0
506,False,R,-,True,,,,,,,,,470.0
507,False,P,P,False,,0.0,0.0,0.0,0.0,0.0,0.0,0.0,471.0
508,False,G,G,False,,0.0,0.0,0.0,0.0,0.0,,0.0,472.0
509,False,V,V,False,,0.0,0.0,0.0,0.0,0.0,0.0,0.0,473.0
510,False,Y,Y,False,0.0,0.0,0.0,0.0,0.0,0.0,0.0,0.0,474.0
511,False,G,T,False,,44.06,-1.0999999999999996,-12.0,56.0,45.0,,1.0,475.0
512,False,N,-,True,,,,,,,,,476.0
513,False,V,V,False,,0.0,0.0,0.0,0.0,0.0,0.0,0.0,477.0
514,False,M,-,True,,,,,,,,,478.0
515,False,V,-,True,,,,,,,,,479.0
516,False,F,-,True,,,,,,,,,480.0
517,False,T,-,True,,,,,,,,,481.0
518,False,D,-,True,,,,,,,,,482.0
519,False,W,W,False,,0.0,0.0,0.0,0.0,0.0,0.0,0.0,483.0
520,False,I,I,False,,0.0,0.0,0.0,0.0,0.0,0.0,0.0,484.0
521,False,Y,-,True,,,,,,,,,485.0
522,False,R,-,True,,,,,,,,,486.0
523,False,Q,-,True,,,,,,,,,487.0
524,False,M,-,True,,,,,,,,,488.0
525,False,R,-,True,,,,,,,,,489.0
526,False,A,-,True,,,,,,,,,490.0
527,False,D,-,True,,,,,,,,,491.0
528,False,G,-,True,,,,,,,,,492.0
